found,score,band,title,company,location,posted,source,url
2026-08-24,76,APPLY NOW,Full Stack Engineer - Internal Audit,Cloudflare,Hybrid,2026-08-24T16:06:07-04:00,greenhouse,https://boards.greenhouse.io/cloudflare/jobs/8014902?gh_jid=8014902
2026-08-24,76,APPLY NOW,"Vice President, Internal Audit",Cloudflare,Hybrid,2026-08-24T16:06:07-04:00,greenhouse,https://boards.greenhouse.io/cloudflare/jobs/8080851?gh_jid=8080851
2026-08-24,71,APPLY NOW,Accounting Intern (Fall 2026),Cloudflare,In-Office,2026-08-24T16:06:07-04:00,greenhouse,https://boards.greenhouse.io/cloudflare/jobs/7902104?gh_jid=7902104
2026-08-24,71,APPLY NOW,EIAM Business Enablement & Operations Intern (Fall 2026),Cloudflare,In-Office,2026-08-24T16:06:07-04:00,greenhouse,https://boards.greenhouse.io/cloudflare/jobs/8068479?gh_jid=8068479
2026-08-24,71,APPLY NOW,GRC Team Intern (Fall 2026),Cloudflare,In-Office,2026-08-24T16:06:07-04:00,greenhouse,https://boards.greenhouse.io/cloudflare/jobs/8129796?gh_jid=8129796
2026-08-24,71,APPLY NOW,Marketing Campaigns & Account-Based Marketing (ABM) Intern (Fall 2026),Cloudflare,In-Office,2026-08-24T16:06:07-04:00,greenhouse,https://boards.greenhouse.io/cloudflare/jobs/7838607?gh_jid=7838607
2026-08-24,71,APPLY NOW,Marketing Events and Campaigns Intern (Fall 2026),Cloudflare,In-Office,2026-08-24T16:06:07-04:00,greenhouse,https://boards.greenhouse.io/cloudflare/jobs/8053546?gh_jid=8053546
2026-08-24,71,APPLY NOW,Research Engineer Intern (Fall 2026),Cloudflare,In-Office,2026-08-24T16:06:07-04:00,greenhouse,https://boards.greenhouse.io/cloudflare/jobs/8089400?gh_jid=8089400
2026-08-24,71,APPLY NOW,Research Engineer Intern (Fall 2026),Cloudflare,In-Office,2026-08-24T16:06:07-04:00,greenhouse,https://boards.greenhouse.io/cloudflare/jobs/8089407?gh_jid=8089407
2026-08-24,71,APPLY NOW,Research Engineer Intern (Fall 2026),Cloudflare,In-Office,2026-08-24T16:06:07-04:00,greenhouse,https://boards.greenhouse.io/cloudflare/jobs/8089379?gh_jid=8089379
2026-08-24,71,APPLY NOW,Software Engineer Intern (Fall 2026),Cloudflare,In-Office,2026-08-24T16:06:07-04:00,greenhouse,https://boards.greenhouse.io/cloudflare/jobs/8118855?gh_jid=8118855
2026-08-24,71,APPLY NOW,Software Engineer Intern (Fall 2026),Cloudflare,In-Office,2026-08-24T16:06:07-04:00,greenhouse,https://boards.greenhouse.io/cloudflare/jobs/8118845?gh_jid=8118845
2026-08-24,71,APPLY NOW,"Software Engineer Intern (Fall 2026) - Austin, TX",Cloudflare,In-Office,2026-08-24T16:06:07-04:00,greenhouse,https://boards.greenhouse.io/cloudflare/jobs/8052785?gh_jid=8052785
2026-08-24,71,APPLY NOW,Strategic Events Intern (Fall 2026),Cloudflare,In-Office,2026-08-24T16:06:07-04:00,greenhouse,https://boards.greenhouse.io/cloudflare/jobs/8142802?gh_jid=8142802
2026-08-24,70,APPLY NOW,Software Engineering Internship - London,Samsara,"London, UK",2026-08-05T17:50:04+00:00,adzuna,https://www.adzuna.co.uk/jobs/details/5829338779?utm_medium=api&utm_source=a08d152b
2026-08-24,70,APPLY NOW,Front Office Software Engineer Internship (Summer 2027),Castleton Commodities International,"The City, Central London",2026-08-13T05:21:20+00:00,adzuna,https://www.adzuna.co.uk/jobs/details/5839363743?utm_medium=api&utm_source=a08d152b
2026-08-24,69,STRONG,Software Engineer Internship (2027 Start),Optiver,"London, UK",2026-08-19T16:25:26+00:00,adzuna,https://www.adzuna.co.uk/jobs/details/5848386993?utm_medium=api&utm_source=a08d152b
2026-08-24,62,STRONG,Software Engineering Intern,P2Intern,"London, UK",2026-08-19T11:32:26+00:00,adzuna,https://www.adzuna.co.uk/jobs/details/5848047980?utm_medium=api&utm_source=a08d152b
2026-08-24,61,STRONG,Software Engineering Internship (C++ or Python) – Summer 2027,Hudson River Trading,"London, UK",2026-08-05T17:54:51+00:00,adzuna,https://www.adzuna.co.uk/jobs/details/5829340040?utm_medium=api&utm_source=a08d152b
2026-08-24,59,STRONG,Graduate Technical Product Analyst - 1 Year Work Experience,Atominvest,"London, UK",2026-08-23T16:25:41+00:00,adzuna,https://www.adzuna.co.uk/jobs/details/5853704055?utm_medium=api&utm_source=a08d152b
2026-08-24,58,STRONG,Software Engineer - Intern,Cisco,"Harpenden, Hertfordshire",2026-08-23T02:08:23+00:00,adzuna,https://www.adzuna.co.uk/jobs/details/5853145922?utm_medium=api&utm_source=a08d152b
2026-08-24,58,STRONG,Software Engineer - Intern,Cisco,"Harpenden, Hertfordshire",2026-08-23T16:25:25+00:00,adzuna,https://www.adzuna.co.uk/jobs/details/5853703765?utm_medium=api&utm_source=a08d152b
2026-08-24,57,STRONG,"Software Engineer, Internship - Infrastructure",Palantir Technologies,"London, United Kingdom",2025-06-26T15:15:08.299000+00:00,lever,https://jobs.lever.co/palantir/fd3603a9-7016-45c6-9c8d-04c9279ab85e
2026-08-24,56,STRONG,"Software Engineering or SRE, PhD Intern, 2027",Google,"London, UK",2026-08-19T16:19:14+00:00,adzuna,https://www.adzuna.co.uk/jobs/land/ad/5848364591?se=gi_4kQ2g8RGoxpN31Vp7kA&utm_medium=api&utm_source=a08d152b&v=B04E404066BBFF5BD01BF41F4AD4422A3B432BF3
2026-08-24,56,STRONG,"Software Engineering or SRE, PhD Intern, 2027",Google,"London, UK",2026-08-19T02:07:28+00:00,adzuna,https://www.adzuna.co.uk/jobs/details/5847610745?utm_medium=api&utm_source=a08d152b
2026-08-24,54,STRONG,Software Engineer Intern - Summer 2027 (DV Commodities),DV Trading,"London, UK",2026-08-12T16:15:08+00:00,adzuna,https://www.adzuna.co.uk/jobs/details/5838443799?utm_medium=api&utm_source=a08d152b
2026-08-24,52,STRONG,"Forward Deployed Software Engineer, Internship - Commercial",Palantir Technologies,"Seoul, South Korea",2026-08-10T13:49:27.811000+00:00,lever,https://jobs.lever.co/palantir/2ad0ab10-34c3-410d-883b-8052864a95cd
2026-08-24,52,STRONG,Quant Trading Internship - Summer 2027,CTC,"London, UK",2026-08-05T17:52:24+00:00,adzuna,https://www.adzuna.co.uk/jobs/details/5829339239?utm_medium=api&utm_source=a08d152b
2026-08-24,50,STRONG,"Forward Deployed Software Engineer, Internship - Commercial",Palantir Technologies,"London, United Kingdom",2025-08-01T12:15:20.204000+00:00,lever,https://jobs.lever.co/palantir/599b1907-aba1-4303-837b-66e69a521636
2026-08-24,50,STRONG,"Forward Deployed Software Engineer, Internship - UK Government",Palantir Technologies,"London, United Kingdom",2021-07-01T22:17:59.795000+00:00,lever,https://jobs.lever.co/palantir/26e23f5d-083b-45aa-b223-1a6e43d960bf
2026-08-24,50,STRONG,"Software Engineer, Internship",Palantir Technologies,"London, United Kingdom",2021-07-01T22:03:51.312000+00:00,lever,https://jobs.lever.co/palantir/76a60923-bb49-40f5-b061-7c7eb1299602
2026-08-24,47,WORTH A LOOK,"Software Engineer, Internship - Production Infrastructure",Palantir Technologies,"Washington, D.C.",2025-08-19T09:41:27.314000+00:00,lever,https://jobs.lever.co/palantir/3ab9e715-1ea9-4c6c-ad50-7340eac14e86
2026-08-24,46,WORTH A LOOK,"Software Engineering or SRE, PhD Intern, 2027",Google,"London, UK",2026-08-19T11:11:56+00:00,adzuna,https://www.adzuna.co.uk/jobs/details/5848037115?utm_medium=api&utm_source=a08d152b
2026-08-24,43,WORTH A LOOK,"Product Designer, Internship - US Government",Palantir Technologies,"Palo Alto, CA",2026-07-31T21:35:37.281000+00:00,lever,https://jobs.lever.co/palantir/9db71277-3a9a-481b-a2a3-25c3125b0e8a
2026-08-24,41,WORTH A LOOK,"Product Designer, Internship",Palantir Technologies,"London, United Kingdom",2019-01-29T17:51:33.349000+00:00,lever,https://jobs.lever.co/palantir/44129013-01e0-4699-8fc1-7a189bb37b63
2026-08-24,40,WORTH A LOOK,"Software Engineer, Internship",Palantir Technologies,"Denver, CO",2024-08-29T04:34:48.941000+00:00,lever,https://jobs.lever.co/palantir/373eb939-6f57-4836-8479-be79a5e07249
2026-08-24,40,WORTH A LOOK,"Software Engineer, Internship",Palantir Technologies,"Washington, D.C.",2021-07-01T22:00:40.124000+00:00,lever,https://jobs.lever.co/palantir/bdcfb29f-4f27-42de-933f-7f83a359b9f0
2026-08-24,40,WORTH A LOOK,"Software Engineer, Internship",Palantir Technologies,"Palo Alto, CA",2021-07-01T21:52:15.503000+00:00,lever,https://jobs.lever.co/palantir/e27af7ab-41fc-40c9-b31d-02c6cb1c505c
2026-08-24,40,WORTH A LOOK,"Software Engineer, Internship - Defense Tech",Palantir Technologies,"Palo Alto, CA",2024-08-05T23:26:42.003000+00:00,lever,https://jobs.lever.co/palantir/a483f41b-0da9-42ea-8ed6-cbf6eb93cc6d
2026-08-24,40,WORTH A LOOK,"Software Engineer, Internship - Defense Tech",Palantir Technologies,"Washington, D.C.",2024-08-05T23:26:16.668000+00:00,lever,https://jobs.lever.co/palantir/f17e98d0-046a-4e6e-9d65-ed0b12dd0ff7
2026-08-24,40,WORTH A LOOK,"Software Engineer, Internship - Infrastructure",Palantir Technologies,"Palo Alto, CA",2025-08-19T09:48:43.334000+00:00,lever,https://jobs.lever.co/palantir/f221738b-e97c-4ce3-a12a-17ada2b855e4
2026-08-24,39,WORTH A LOOK,Marketing Associate Intern,Deliveroo,Brussels - Main Office (Roo),2026-08-06T08:24:04.594000+00:00,ashby,https://jobs.ashbyhq.com/deliveroo/3fd25169-04f9-4319-8561-d837ae1d130f
2026-08-28,69,STRONG,Software Engineer Intern (Fall 2026),Cloudflare,In-Office,2026-08-25T19:38:33-04:00,greenhouse,https://boards.greenhouse.io/cloudflare/jobs/8118855?gh_jid=8118855
2026-08-28,62,STRONG,Research Engineer Intern (Fall 2026),Cloudflare,In-Office,2026-08-25T19:38:33-04:00,greenhouse,https://boards.greenhouse.io/cloudflare/jobs/8089407?gh_jid=8089407
2026-08-28,61,STRONG,Software Engineer Internship (2027 Start),Optiver,"London, UK",2026-08-19T16:25:26+00:00,adzuna,https://www.adzuna.co.uk/jobs/details/5848386993?utm_medium=api&utm_source=a08d152b
2026-08-28,61,STRONG,Front Office Software Engineer Internship (Summer 2027),Castleton Commodities International,"The City, Central London",2026-08-13T05:21:20+00:00,adzuna,https://www.adzuna.co.uk/jobs/details/5839363743?utm_medium=api&utm_source=a08d152b
2026-08-28,54,STRONG,Software Engineering Intern,P2Intern,"London, UK",2026-08-19T11:32:26+00:00,adzuna,https://www.adzuna.co.uk/jobs/details/5848047980?utm_medium=api&utm_source=a08d152b
2026-08-28,54,STRONG,Software Engineer Intern - Summer 2027 (DV Commodities),DV Trading,"London, UK",2026-08-12T16:15:08+00:00,adzuna,https://www.adzuna.co.uk/jobs/details/5838443799?utm_medium=api&utm_source=a08d152b
2026-08-28,53,STRONG,Graduate Technical Product Analyst - 1 Year Work Experience,Atominvest,"London, UK",2026-08-23T16:25:41+00:00,adzuna,https://www.adzuna.co.uk/jobs/details/5853704055?utm_medium=api&utm_source=a08d152b
2026-08-28,52,STRONG,"Software Engineering or SRE, PhD Intern, 2027",Hackajob Ltd,"South West London, London",2026-08-25T13:31:20+00:00,adzuna,https://www.adzuna.co.uk/jobs/details/5855328978?utm_medium=api&utm_source=a08d152b
2026-08-28,52,STRONG,"Software Engineering or SRE, PhD Intern, 2027",Hackajob Ltd,"Charing Cross, Central London",2026-08-26T09:46:29+00:00,adzuna,https://www.adzuna.co.uk/jobs/details/5856594207?utm_medium=api&utm_source=a08d152b
2026-08-28,48,WORTH A LOOK,"Software Engineering or SRE, PhD Intern, 2027",Google,"London, UK",2026-08-19T16:19:14+00:00,adzuna,https://www.adzuna.co.uk/jobs/land/ad/5848364591?se=5uPowMii8RGvNdX-EWfigg&utm_medium=api&utm_source=a08d152b&v=B04E404066BBFF5BD01BF41F4AD4422A3B432BF3
2026-08-28,48,WORTH A LOOK,"Software Engineering or SRE, PhD Intern, 2027",Google,"London, UK",2026-08-19T02:07:28+00:00,adzuna,https://www.adzuna.co.uk/jobs/details/5847610745?utm_medium=api&utm_source=a08d152b
2026-08-28,38,WORTH A LOOK,"Software Engineering or SRE, PhD Intern, 2027",Google,"London, UK",2026-08-19T11:11:56+00:00,adzuna,https://www.adzuna.co.uk/jobs/details/5848037115?utm_medium=api&utm_source=a08d152b
2026-08-31,75,APPLY NOW,"2027 Summer Intern - Technology Analyst, Software Engineering, EMEA - PIMCO",PIMCO,"London, UK",2026-08-31T13:18:35+00:00,adzuna,https://www.adzuna.co.uk/jobs/land/ad/5862926855?se=_Jdm0kml8RG0DaJc7Eg0vw&utm_medium=api&utm_source=a08d152b&v=31016C45BB56D994B0F72E18B261C6AC0B675DC4
2026-09-01,46,WORTH A LOOK,"Software Engineering or SRE, PhD Intern, 2027",Hackajob Ltd,"Charing Cross, Central London",2026-08-26T09:46:29+00:00,adzuna,https://www.adzuna.co.uk/jobs/land/ad/5856594207?se=fFixnrql8RGsP4qfWa58zg&utm_medium=api&utm_source=a08d152b&v=6921F980A7FBFA4D7275FD2694CB6B288BCBA404
2026-09-01,68,STRONG,2026 Software Dev Engineer Intern - UK,Amazon UK Services Ltd.,"London, UK",2026-09-01T04:55:44+00:00,adzuna,https://www.adzuna.co.uk/jobs/details/5863778651?utm_medium=api&utm_source=a08d152b
2026-09-01,75,APPLY NOW,"2027 Summer Intern - Technology Analyst, Software Engineering, EMEA",PIMCO,"London, UK",2026-09-01T16:19:54+00:00,adzuna,https://www.adzuna.co.uk/jobs/details/5864830714?utm_medium=api&utm_source=a08d152b
2026-09-02,68,STRONG,2026 Software Dev Engineer Intern - UK,Amazon,"London, UK",2026-09-02T02:07:09+00:00,adzuna,https://www.adzuna.co.uk/jobs/details/5866040959?utm_medium=api&utm_source=a08d152b
2026-09-02,75,APPLY NOW,2027 Software Engineer Program - Summer Internship - Glasgow & London,JPMorganChase,"London, UK",2026-09-02T17:04:23+00:00,adzuna,https://www.adzuna.co.uk/jobs/land/ad/5867235076?se=ZqlAUh2n8RG2HomFYOMXfQ&utm_medium=api&utm_source=a08d152b&v=2209BCFE298B0EEE0E641E8B106C90DC4C9E0D4E
2026-09-02,75,APPLY NOW,2027 Software Engineer Program - 12 Month Industrial Placement - Glasgow & London,JPMorganChase,"London, UK",2026-09-02T17:03:19+00:00,adzuna,https://www.adzuna.co.uk/jobs/land/ad/5867231197?se=ZqlAUh2n8RG2HomFYOMXfQ&utm_medium=api&utm_source=a08d152b&v=F7D968045A2D677AFA7F499006ADD5C4421744B0
2026-09-02,68,STRONG,"Software Engineer, Intern",Stripe,"London, UK",2026-09-02T17:11:03+00:00,adzuna,https://www.adzuna.co.uk/jobs/details/5867250000?utm_medium=api&utm_source=a08d152b
2026-09-03,68,STRONG,Campus - Apprenticeship Programme - Technology Software Engineering - London - 2027 (UK),American Express,"London, UK",2026-09-03T02:08:19+00:00,adzuna,https://www.adzuna.co.uk/jobs/details/5868080193?utm_medium=api&utm_source=a08d152b
2026-09-03,75,APPLY NOW,Software Developer Summer Internship London 2027,Maven,"London, UK",2026-09-03T16:51:35+00:00,adzuna,https://www.adzuna.co.uk/jobs/details/5869188484?utm_medium=api&utm_source=a08d152b
2026-09-03,68,STRONG,Campus - Apprenticeship Programme - Technology Software Engineering - London - 2027 (UK),American Express,"Victoria, South West London",2026-09-03T16:40:02+00:00,adzuna,https://www.adzuna.co.uk/jobs/details/5869148525?utm_medium=api&utm_source=a08d152b
2026-09-04,87,APPLY NOW,"Software Engineering, Site Reliability Engineering BS/MS Intern, 2027",Google,"London, UK",2026-09-04T16:39:47+00:00,adzuna,https://www.adzuna.co.uk/jobs/land/ad/5870749338?se=9gqVRXmo8RGlI_dq_IL75Q&utm_medium=api&utm_source=a08d152b&v=2BBDBDBB6E570FB56609AF4E4160901468706414
